	PMID1	count
0	1424236	60
1	1424237	60
2	1910012	60
3	2086037	60
4	2156475	60
5	2731990	60
6	3185713	60
7	7798242	60
8	7829088	60
9	7881069	60
10	8143266	60
11	8486029	60
12	8682501	60
13	8847735	60
14	8876090	60
15	8878704	60
16	8971015	60
17	9281518	60
18	9444996	60
19	9490287	60
20	9525608	60
21	9597165	60
22	9811782	60
23	9852234	60
24	9864185	60
25	9864379	60
26	10094124	60
27	10097113	60
28	10191987	60
29	10508842	60
30	10513726	60
31	10561690	60
32	10573162	60
33	10590438	60
34	10627538	60
35	10639584	60
36	10753853	60
37	10793469	60
38	10833030	60
39	10833031	60
40	10882757	60
41	10955408	60
42	11124531	60
43	11238833	60
44	11284035	60
45	11354630	60
46	11380412	60
47	11420646	60
48	11495631	60
49	11522575	60
50	11528119	60
51	11528501	60
52	11760577	60
53	11790842	60
54	11891523	60
55	11891527	60
56	12041731	60
57	12050860	60
58	12138500	60
59	12370837	60
60	12406897	60
61	12438737	60
62	12453410	60
63	12461685	60
64	12476447	60
65	12485830	60
66	12684692	60
67	12697995	60
68	12851708	60
69	12925283	60
70	12948725	60
71	12956262	60
72	13680362	60
73	14564256	60
74	14571274	60
75	14610348	60
76	14622239	60
77	14674455	60
78	14676949	60
79	14702191	60
80	14747550	60
81	14963141	60
82	14980493	60
83	15004461	60
84	15114285	60
85	15125637	60
86	15130820	60
87	15218254	60
88	15258568	60
89	15305057	60
90	15326625	60
91	15341835	60
92	15506562	60
93	15580276	60
94	15610964	60
95	15634958	60
96	15693740	60
97	15706535	60
98	15748124	60
99	15750004	60
100	15750021	60
101	15750022	60
102	15965651	60
103	16007665	60
104	16043887	60
105	16081539	60
106	16093308	60
107	16094440	60
108	16103662	60
109	16105897	60
110	16131522	60
111	16135747	60
112	16155417	60
113	16179230	60
114	16218947	60
115	16241381	60
116	16276087	60
117	16397721	60
118	16447990	60
119	16506285	60
120	16521777	60
121	16566382	60
122	16601688	60
123	16757516	60
124	16823370	60
125	16890544	60
126	16901835	60
127	16907761	60
128	16912318	60
129	16971484	60
130	16990133	60
131	17016590	60
132	17052726	37
133	17053462	60
134	17106734	60
135	17173172	60
136	17384424	60
137	17432971	60
138	17440421	60
139	17468739	60
140	17481788	60
141	17516585	60
142	17545548	60
143	17566986	60
144	17610375	60
145	17622342	60
146	17646292	60
147	17786212	60
148	17882260	60
149	17892473	60
150	17971238	60
151	18056062	60
152	18059179	60
153	18183416	60
154	18205018	60
155	18251859	60
156	18304324	60
157	18338187	60
158	18344517	60
159	18378899	60
160	18381744	60
161	18410943	60
162	18413752	60
163	18429037	60
164	18433328	60
165	18453094	60
166	18460145	35
167	18463710	60
168	18474424	60
169	18517834	60
170	18568360	60
171	18588689	60
172	18592171	60
173	18597555	60
174	18605818	60
175	18618656	60
176	18631179	60
177	18643969	60
178	18652504	60
179	18657576	60
180	18658245	60
181	18690426	60
182	18712298	60
183	18712299	60
184	18713445	60
185	18754079	60
186	18762802	60
187	18822041	60
188	18832363	60
189	18834211	60
190	18844215	60
191	18852131	60
192	18930433	60
193	18992910	60
194	19012896	60
195	19031310	60
196	19033550	60
197	19109306	60
198	19158309	60
199	19199887	60
200	19211699	60
201	19212951	60
202	19212952	60
203	19216435	60
204	19218317	60
205	19223899	60
206	19306877	60
207	19325741	60
208	19357087	60
209	19400705	60
210	19402753	60
211	19423038	60
212	19424294	60
213	19429505	60
214	19459974	60
215	19475631	60
216	19481676	60
217	19497796	60
218	19509160	60
219	19509264	60
220	19528978	60
221	19539124	60
222	19554038	60
223	19575587	60
224	19578149	60
225	19687567	60
226	19704706	60
227	19738636	60
228	19739086	60
229	19754110	60
230	19760540	60
231	19783626	60
232	19815685	60
233	19874723	60
234	19901993	60
235	19911947	60
236	19913618	60
237	19932022	60
238	19953549	60
239	19953550	60
240	20005547	60
241	20018841	60
242	20029167	60
243	20037478	60
244	20043062	60
245	20058250	60
246	20075921	60
247	20087656	60
248	20097120	60
249	20135181	60
250	20140905	60
251	20156279	60
252	20192741	60
253	20192744	60
254	20202166	60
255	20231438	60
256	20304729	60
257	20331867	60
258	20417093	41
259	20434330	60
260	20457442	60
261	20483501	60
262	20493683	60
263	20515503	60
264	20523001	60
265	20526106	60
266	20530704	60
267	20541636	60
268	20543885	60
269	20572796	60
270	20581693	60
271	20616783	60
272	20619762	60
273	20626203	60
274	20627589	60
275	20664591	60
276	20682055	60
277	20682712	60
278	20697706	60
279	20699654	60
280	20705178	60
281	20800867	60
282	20804791	60
283	20818429	60
284	20846589	60
285	20923857	60
286	20940062	60
287	20943761	60
288	20951029	60
289	20976349	60
290	21041684	60
291	21058317	60
292	21062932	60
293	21094045	60
294	21106489	60
295	21106551	60
296	21113235	60
297	21125367	60
298	21126980	60
299	21128641	60
300	21143860	60
301	21156660	60
302	21156727	60
303	21166410	60
304	21168481	60
305	21176926	60
306	21212869	60
307	21231250	60
308	21246733	60
309	21261972	60
310	21262517	60
311	21264403	60
312	21296745	60
313	21316495	60
314	21332802	60
315	21335431	60
316	21345472	60
317	21352235	60
318	21358988	60
319	21383419	60
320	21389632	60
321	21397062	60
322	21437654	60
323	21453701	60
324	21466279	60
325	21468030	60
326	21472281	60
327	21472348	60
328	21472859	60
329	21476793	60
330	21479832	60
331	21496004	60
332	21511872	60
333	21515771	60
334	21526969	60
335	21531831	60
336	21533463	60
337	21548781	60
338	21590508	60
339	21597961	60
340	21603854	60
341	21604374	60
342	21613409	60
343	21621018	60
344	21638042	60
345	21652483	60
346	21660574	60
347	21673185	60
348	21680884	60
349	21725296	60
350	21742805	60
351	21779393	60
352	21802197	60
353	21822285	60
354	21887827	60
355	21901277	60
356	21903632	60
357	21911475	60
358	21912695	60
359	21914192	60
360	21914651	60
361	21961645	60
362	21969591	60
363	21971999	60
364	21975598	60
365	21983106	60
366	21998555	60
367	22093148	60
368	22102219	60
369	22105488	60
370	22121373	60
371	22130892	60
372	22130895	60
373	22147516	60
374	22173548	60
375	22174369	60
376	22193955	60
377	22194297	60
378	22194685	60
379	22245099	42
380	22245354	60
381	22247157	60
382	22268428	60
383	22268691	60
384	22286770	60
385	22287892	60
386	22287896	60
387	22287898	60
388	22287912	60
389	22289989	60
390	22293015	60
391	22293854	60
392	22316179	60
393	22326562	60
394	22334061	60
395	22347718	60
396	22360221	60
397	22371325	60
398	22396478	60
399	22402262	60
400	22407055	60
401	22443318	60
402	22448264	60
403	22450260	60
404	22473976	60
405	22493700	60
406	22503145	60
407	22508028	60
408	22511603	60
409	22521243	60
410	22544657	60
411	22546611	60
412	22546823	60
413	22552786	60
414	22553375	60
415	22569528	60
416	22575017	60
417	22584173	60
418	22614173	60
419	22645347	60
420	22660439	60
421	22664741	60
422	22671536	60
423	22698284	60
424	22730495	60
425	22738915	60
426	22749424	23
427	22761950	60
428	22773746	60
429	22773788	60
430	22781128	60
431	22786455	60
432	22787421	60
433	22788775	60
434	22790083	60
435	22808152	60
436	22829559	60
437	22837652	60
438	22846910	60
439	22847841	60
440	22864452	60
441	22869835	60
442	22888088	60
443	22889878	60
444	22902541	60
445	22911369	60
446	22918483	60
447	22933281	60
448	22933780	60
449	22949186	60
450	22950463	60
451	22963712	60
452	22970586	60
453	22977347	60
454	22978443	60
455	23022822	60
456	23048016	60
457	23086876	60
458	23105930	60
459	23116406	60
460	23136197	60
461	23143100	60
462	23144185	60
463	23151488	60
464	23152332	60
465	23154511	60
466	23163347	60
467	23178487	60
468	23189200	60
469	23198807	60
470	23220691	60
471	23222299	60
472	23232447	60
473	23238088	60
474	23238821	60
475	23255122	60
476	23260180	60
477	23266025	60
478	23291766	60
479	23295254	60
480	23301099	60
481	23305951	60
482	23315723	60
483	23317047	60
484	23320207	60
485	23321776	60
486	23323601	60
487	23338794	60
488	23342204	60
489	23342270	60
490	23349991	60
491	23350560	60
492	23364938	60
493	23371912	60
494	23375892	60
495	23376078	60
496	23394599	60
497	23398192	60
498	23433471	60
499	23441151	60
500	23441821	60
501	23442375	60
502	23450434	60
503	23479404	60
504	23500183	60
505	23504664	60
506	23504934	60
507	23507141	60
508	23524533	60
509	23534882	60
510	23543898	60
511	23547710	60
512	23548553	60
513	23552882	60
514	23554818	60
515	23562459	60
516	23570403	60
517	23573011	60
518	23585477	60
519	23603562	60
520	23604572	60
521	23607916	60
522	23613754	60
523	23633578	60
524	23637070	60
525	23671335	60
526	23681830	60
527	23684607	60
528	23689717	60
529	23696368	60
530	23700448	60
531	23714693	60
532	23757356	60
533	23772364	60
534	23795458	60
535	23812981	60
536	23819293	60
537	23836142	60
538	23843613	60
539	23846699	60
540	23861246	60
541	23868008	60
542	23872422	60
543	23873848	60
544	23875460	60
545	23904035	60
546	23904602	60
547	23918260	60
548	23926953	60
549	23938262	60
550	23958728	60
551	23999301	60
552	24005449	60
553	24019255	60
554	24024879	60
555	24027076	60
556	24029071	60
557	24031324	60
558	24033190	60
559	24036320	60
560	24045180	60
561	24052618	60
562	24052727	60
563	24060470	60
564	24071444	60
565	24072814	60
566	24075951	60
567	24076239	60
568	24084358	60
569	24112409	41
570	24125179	60
571	24136510	60
572	24145415	60
573	24149052	60
574	24155659	60
575	24158353	60
576	24171835	60
577	24183437	60
578	24190416	60
579	24206536	60
580	24263193	60
581	24265580	60
582	24271007	60
583	24286493	60
584	24292866	60
585	24292938	60
586	24295440	60
587	24295593	60
588	24298416	60
589	24317076	60
590	24321146	60
591	24328427	60
592	24341374	60
593	24349229	60
594	24368132	60
595	24368296	60
596	24392115	60
597	24409381	60
598	24426178	60
599	24448171	60
600	24460532	60
601	24460938	60
602	24467894	60
603	24477640	60
604	24478134	60
605	24481072	60
606	24482743	60
607	24493827	60
608	24497706	60
609	24498379	60
610	24506598	60
611	24508340	60
612	24549265	60
613	24574852	60
614	24576355	60
615	24583116	60
616	24589113	60
617	24612508	60
618	24612726	60
619	24615910	60
620	24629140	60
621	24632213	60
622	24645981	60
623	24663288	60
624	24668611	60
625	24671497	60
626	24682283	60
627	24688390	60
628	24691813	45
629	24709366	60
630	24711292	60
631	24714101	60
632	24728386	60
633	24751407	60
634	24753571	60
635	24762789	60
636	24771645	60
637	24781204	60
638	24795707	60
639	24810310	60
640	24812339	60
641	24827556	60
642	24838653	60
643	24854275	60
644	24857147	60
645	24858494	60
646	24861191	60
647	24862879	60
648	24865506	60
649	24878426	60
650	24878921	60
651	24905476	60
652	24910101	60
653	24911320	60
654	24922513	60
655	24927156	60
656	24939692	60
657	24947938	60
658	24953233	60
659	24972367	60
660	24974203	60
661	24976356	60
662	24992232	60
663	25004975	60
664	25009550	60
665	25010283	60
666	25016381	17
667	25033288	60
668	25055815	60
669	25056889	60
670	25061069	60
671	25061398	60
672	25064136	60
673	25064566	60
674	25072413	60
675	25072831	60
676	25084882	60
677	25111182	60
678	25127741	60
679	25142383	60
680	25151357	60
681	25151441	60
682	25170083	60
683	25175027	60
684	25176387	60
685	25180156	60
686	25181465	50
687	25182480	60
688	25183601	60
689	25186140	60
690	25187125	60
691	25212482	60
692	25221570	60
693	25228409	60
694	25238989	60
695	25240823	60
696	25242168	60
697	25242455	60
698	25245454	60
699	25261532	60
700	25264216	60
701	25268657	60
702	25273851	60
703	25282344	60
704	25303385	60
705	25306802	60
706	25331182	60
707	25331376	60
708	25331462	60
709	25339269	60
710	25342807	60
711	25344898	60
712	25348934	60
713	25348955	60
714	25354037	60
715	25356345	60
716	25357241	60
717	25365205	60
718	25367329	60
719	25372670	60
720	25373901	60
721	25374326	60
722	25376610	60
723	25380187	60
724	25401499	60
725	25405661	60
726	25407602	60
727	25412256	60
728	25413289	60
729	25422159	60
730	25426557	60
731	25430773	60
732	25432019	60
733	25432546	60
734	25435911	60
735	25438185	60
736	25448015	60
737	25454784	60
738	25471818	60
739	25471947	60
740	25472758	60
741	25472923	60
742	25474882	60
743	25479965	60
744	25484070	60
745	25485571	60
746	25494882	60
747	25496194	60
748	25500270	60
749	25501424	60
750	25502034	60
751	25502683	60
752	25503165	60
753	25504833	28
754	25516569	60
755	25517750	60
756	25520511	60
757	25524164	60
758	25540021	60
759	25540077	60
760	25543954	60
761	25544132	60
762	25546133	60
763	25550568	60
764	25612767	60
765	25620877	60
766	25629695	60
767	25630468	60
768	25637660	60
769	25638281	60
770	25639607	60
771	25660940	60
772	25664836	60
773	25673835	60
774	25676666	60
775	25681631	60
776	25684047	60
777	25684150	60
778	25684766	60
779	25686604	60
780	25704641	60
781	25710658	60
782	25712964	60
783	25714487	60
784	25714833	60
785	25716682	60
786	25717165	60
787	25728686	60
788	25732605	60
789	25736725	60
790	25740719	60
791	25741385	60
792	25745861	60
793	25750911	60
794	25753421	60
795	25758253	60
796	25759547	60
797	25760704	60
798	25760944	60
799	25778831	60
800	25778908	60
801	25785515	60
802	25796321	60
803	25808224	60
804	25817583	60
805	25831532	60
806	25836059	60
807	25838081	60
808	25841080	60
809	25845800	60
810	25854390	60
811	25865145	60
812	25866340	60
813	25872927	60
814	25874132	60
815	25874941	60
816	25879354	60
817	25880006	60
818	25884925	60
819	25886726	60
820	25891076	60
821	25899926	60
822	25908842	60
823	25911584	60
824	25913177	60
825	25913484	60
826	25918396	60
827	25926034	60
828	25932644	60
829	25937861	60
830	25942556	60
831	25946135	60
832	25967671	60
833	25972756	60
834	25975270	60
835	25981054	60
836	25982388	43
837	25983730	60
838	25990557	60
839	25993383	60
840	25996785	60
841	26003217	60
842	26008761	60
843	26011691	60
844	26015511	60
845	26024445	49
846	26036805	60
847	26048414	60
848	26048577	60
849	26054731	60
850	26063424	60
851	26065669	60
852	26072251	60
853	26072327	60
854	26074080	60
855	26082761	60
856	26088063	60
857	26090058	60
858	26093644	60
859	26094203	60
860	26108892	60
861	26109352	60
862	26114448	60
863	26134579	60
864	26136359	60
865	26136684	60
866	26147457	60
867	26149773	60
868	26152027	60
869	26152787	60
870	26157431	49
871	26174897	60
872	26175201	60
873	26179959	60
874	26198970	60
875	26203165	60
876	26205790	60
877	26206305	60
878	26209734	60
879	26210283	60
880	26210853	60
881	26215968	60
882	26219411	60
883	26229184	60
884	26239343	60
885	26239928	60
886	26255997	60
887	26262562	60
888	26263417	60
889	26269219	60
890	26271403	60
891	26271902	60
892	26273537	60
893	26289919	60
894	26290251	60
895	26293474	60
896	26297025	60
897	26313597	60
898	26320829	60
899	26327386	60
900	26343906	60
901	26345783	60
902	26359452	60
903	26364680	60
904	26366726	52
905	26367797	60
906	26380871	60
907	26383878	60
908	26385265	60
909	26389744	60
910	26390032	60
911	26390853	60
912	26398339	60
913	26399638	60
914	26401200	60
915	26401298	60
916	26406364	60
917	26410586	60
918	26429273	60
919	26429881	60
920	26439017	60
921	26439309	60
922	26439693	60
923	26440058	60
924	26442151	60
925	26445296	60
926	26446068	60
927	26448709	60
928	26459188	60
929	26462595	60
930	26472273	60
931	26478097	60
932	26497350	60
933	26510496	60
934	26512030	60
935	26523738	60
936	26528577	60
937	26547794	60
938	26562293	60
939	26566820	60
940	26566826	60
941	26575957	60
942	26579494	60
943	26589948	60
944	26597839	60
945	26597958	60
946	26607444	60
947	26611531	60
948	26625975	60
949	26631113	60
950	26636141	60
951	26636477	60
952	26637898	60
953	26646306	60
954	26656424	60
955	26660849	60
956	26666205	60
957	26670244	46
958	26676886	60
959	26678851	60
960	26679086	60
961	26681397	60
962	26685317	60
963	26687967	60
964	26690402	60
965	26694250	60
966	26695076	60
967	26697230	60
968	26698846	60
969	26700055	60
970	26706934	60
971	26714956	60
972	26716983	60
973	26718211	60
974	26724919	60
975	26730808	60
976	26734993	60
977	26747213	60
978	26747513	60
979	26747986	60
980	26748096	60
981	26749303	60
982	26761718	60
983	26772629	60
984	26773146	60
985	26776601	60
986	26787467	60
987	26787849	60
988	26789254	60
989	26798287	60
990	26807150	60
991	26810311	60
992	26815199	60
993	26817421	60
994	26820752	60
995	26828089	60
996	26834996	60
997	26836488	60
998	26843269	60
999	26844654	60
1000	26852879	60
1001	26861820	60
1002	26876125	60
1003	26879963	60
1004	26888983	60
1005	26891975	60
1006	26893612	60
1007	26897031	60
1008	26899789	60
1009	26905229	60
1010	26908197	60
1011	26915083	60
1012	26925047	60
1013	26928725	60
1014	26940017	60
1015	26941732	60
1016	26947554	60
1017	26948398	60
1018	26949510	60
1019	26952006	60
1020	26953160	60
1021	26956389	60
1022	26962108	60
1023	26967018	60
1024	26970886	60
1025	26972657	60
1026	26976042	60
1027	26976575	60
1028	26977000	60
1029	26994492	60
1030	26995396	60
1031	26997941	60
1032	27003296	60
1033	27003869	45
1034	27005495	60
1035	27007209	60
1036	27014300	60
1037	27016171	60
1038	27026619	60
1039	27028290	60
1040	27035984	60
1041	27040036	60
1042	27045845	60
1043	27050687	60
1044	27056672	60
1045	27060719	60
1046	27066020	60
1047	27069444	60
1048	27071023	60
1049	27073591	60
1050	27074804	60
1051	27075579	60
1052	27077130	60
1053	27080095	60
1054	27083189	60
1055	27085420	60
1056	27087976	60
1057	27090655	60
1058	27091329	60
1059	27100111	60
1060	27102179	60
1061	27102900	60
1062	27106104	60
1063	27108186	60
1064	27110709	60
1065	27115651	60
1066	27124335	60
1067	27129276	60
1068	27132544	60
1069	27133484	60
1070	27136534	60
1071	27138047	60
1072	27138116	60
1073	27138333	60
1074	27146053	60
1075	27146356	60
1076	27147026	60
1077	27153620	60
1078	27156498	60
1079	27156580	60
1080	27158277	60
1081	27161996	60
1082	27163577	60
1083	27164102	60
1084	27166166	60
1085	27166786	60
1086	27167128	60
1087	27167291	60
1088	27169423	60
1089	27171199	60
1090	27174404	60
1091	27174458	60
1092	27176128	60
1093	27178284	60
1094	27180300	60
1095	27182007	31
1096	27187193	60
1097	27192562	60
1098	27200003	60
1099	27213684	60
1100	27215190	60
1101	27217050	60
1102	27222538	60
1103	27226975	60
1104	27230667	60
1105	27236333	60
1106	27237028	60
1107	27240840	60
1108	27242735	60
1109	27242850	60
1110	27245301	60
1111	27257205	60
1112	27265774	60
1113	27273287	60
1114	27273800	60
1115	27277011	60
1116	27295589	60
1117	27296776	60
1118	27298319	60
1119	27300268	60
1120	27308279	60
1121	27322211	60
1122	27322435	60
1123	27330839	60
1124	27334597	60
1125	27335349	60
1126	27339192	60
1127	27342982	60
1128	27346357	60
1129	27347883	60
1130	27353487	60
1131	27354711	60
1132	27358693	60
1133	27376173	60
1134	27395524	60
1135	27401456	60
1136	27404113	60
1137	27408307	60
1138	27412704	60
1139	27423124	60
1140	27424789	60
1141	27441227	60
1142	27444749	60
1143	27445309	60
1144	27445732	60
1145	27446218	60
1146	27449600	60
1147	27452454	60
1148	27455096	60
1149	27461729	60
1150	27466493	60
1151	27471495	60
1152	27476655	60
1153	27476972	60
1154	27477117	60
1155	27479325	60
1156	27485446	60
1157	27486345	60
1158	27496133	60
1159	27497620	60
1160	27499684	60
1161	27503651	60
1162	27504142	60
1163	27513751	60
1164	27513807	60
1165	27528420	60
1166	27528797	60
1167	27540381	60
1168	27546548	60
1169	27549865	60
1170	27554589	34
1171	27556636	60
1172	27562653	60
1173	27570172	60
1174	27575790	60
1175	27577381	60
1176	27579777	60
1177	27588226	60
1178	27594852	60
1179	27602730	60
1180	27603516	60
1181	27605674	60
1182	27609782	60
1183	27614348	60
1184	27617132	60
1185	27618201	60
1186	27618775	60
1187	27618934	60
1188	27625303	60
1189	27630234	60
1190	27631620	60
1191	27642048	60
1192	27646849	60
1193	27649267	60
1194	27650766	60
1195	27652261	60
1196	27665785	60
1197	27666962	60
1198	27669113	60
1199	27671352	60
1200	27681543	60
1201	27689801	60
1202	27694819	60
1203	27695979	60
1204	27701049	60
1205	27701762	60
1206	27706142	60
1207	27707790	60
1208	27716862	60
1209	27716927	60
1210	27720488	60
1211	27725258	60
1212	27732082	60
1213	27735223	60
1214	27746747	60
1215	27760149	60
1216	27760854	60
1217	27766092	60
1218	27768028	60
1219	27769763	60
1220	27771792	60
1221	27775041	60
1222	27777635	60
1223	27779127	60
1224	27782090	60
1225	27783255	60
1226	27783942	60
1227	27787519	60
1228	27795430	60
1229	27798610	60
1230	27799386	60
1231	27799963	60
1232	27803324	60
1233	27807433	60
1234	27807767	60
1235	27814687	60
1236	27821736	60
1237	27838745	60
1238	27843031	60
1239	27844276	60
1240	27864876	60
1241	27875969	60
1242	27876680	60
1243	27889830	60
1244	27890347	60
1245	27893352	60
1246	27906040	60
1247	27910024	60
1248	27911537	60
1249	27924043	60
1250	27943039	60
1251	27956241	60
1252	27958352	60
1253	27966600	60
1254	27974365	60
1255	27975219	60
1256	27975225	60
1257	27981726	60
1258	27984044	60
1259	27984732	60
1260	27986896	60
1261	27992761	60
1262	27994117	60
1263	28007854	60
1264	28009293	60
1265	28011771	48
1266	28018169	60
1267	28018339	60
1268	28028736	60
1269	28054563	60
1270	28056907	60
1271	28057445	60
1272	28057679	60
1273	28059768	60
1274	28061768	60
1275	28064285	60
1276	28068438	60
1277	28070617	60
1278	28072044	60
1279	28077402	60
1280	28077457	60
1281	28078987	60
1282	28079179	60
1283	28079476	60
1284	28088007	60
1285	28097146	60
1286	28100263	60
1287	28101402	60
1288	28101537	60
1289	28101859	50
1290	28102090	60
1291	28104717	60
1292	28106743	60
1293	28124097	60
1294	28125688	60
1295	28128856	60
1296	28132027	60
1297	28135244	60
1298	28135309	60
1299	28145059	60
1300	28147343	60
1301	28153749	60
1302	28160318	60
1303	28167412	60
1304	28169024	60
1305	28169042	60
1306	28176817	60
1307	28177888	60
1308	28190017	60
1309	28192521	60
1310	28193312	60
1311	28193581	60
1312	28193863	60
1313	28194005	60
1314	28197748	60
1315	28198666	60
1316	28207764	60
1317	28211195	36
1318	28212744	60
1319	28222236	60
1320	28232577	60
1321	28235080	60
1322	28236688	60
1323	28239418	60
1324	28239467	60
1325	28241534	60
1326	28241767	60
1327	28244421	60
1328	28249745	60
1329	28256636	60
1330	28262734	60
1331	28267201	60
1332	28270866	60
1333	28272535	60
1334	28274266	60
1335	28274491	60
1336	28277069	60
1337	28290203	60
1338	28296713	60
1339	28296887	60
1340	28296892	60
1341	28300161	60
1342	28302409	60
1343	28302764	60
1344	28302787	60
1345	28303177	60
1346	28317918	60
1347	28318008	60
1348	28320174	60
1349	28321607	60
1350	28322227	10
1351	28325299	60
1352	28326045	60
1353	28326328	60
1354	28329397	60
1355	28330322	60
1356	28331219	60
1357	28334007	60
1358	28335350	60
1359	28336542	60
1360	28338728	60
1361	28339608	60
1362	28352111	60
1363	28355116	60
1364	28358005	60
1365	28359768	60
1366	28360161	60
1367	28360849	60
1368	28361551	60
1369	28361682	60
1370	28364282	60
1371	28369194	60
1372	28369195	60
1373	28369222	60
1374	28369237	60
1375	28375667	60
1376	28377687	60
1377	28384187	60
1378	28388929	60
1379	28393480	60
1380	28395327	60
1381	28396289	60
1382	28412666	60
1383	28413706	60
1384	28422612	60
1385	28423223	60
1386	28424211	60
1387	28426231	60
1388	28430671	60
1389	28436458	60
1390	28438675	60
1391	28439567	60
1392	28442434	60
1393	28448177	60
1394	28448571	60
1395	28453201	60
1396	28453686	60
1397	28459442	60
1398	28463543	60
1399	28472656	60
1400	28473834	60
1401	28474419	60
1402	28474522	60
1403	28482794	60
1404	28493076	60
1405	28494098	60
1406	28496433	60
1407	28506993	60
1408	28511292	60
1409	28513592	60
1410	28528398	60
1411	28529599	60
1412	28538728	60
1413	28542321	60
1414	28544481	60
1415	28560167	60
1416	28567503	60
1417	28569161	60
1418	28575066	60
1419	28575536	60
1420	28583864	60
1421	28588265	60
1422	28592709	60
1423	28594292	60
1424	28596424	60
1425	28605519	60
1426	28613142	60
1427	28617417	60
1428	28619534	60
1429	28621176	60
1430	28621985	60
1431	28622395	60
1432	28623369	60
1433	28627731	60
1434	28632926	60
1435	28632965	60
1436	28636595	60
1437	28637487	60
1438	28638001	60
1439	28640834	60
1440	28644957	60
1441	28649418	60
1442	28650318	60
1443	28651056	60
1444	28652896	60
1445	28653391	60
1446	28659932	60
1447	28661575	60
1448	28665339	60
1449	28667076	60
1450	28677344	60
1451	28679310	60
1452	28679469	60
1453	28681081	60
1454	28689238	60
1455	28693630	40
1456	28695687	60
1457	28695883	60
1458	28696418	60
1459	28696820	60
1460	28701164	60
1461	28701730	60
1462	28704374	60
1463	28710434	60
1464	28714430	60
1465	28722201	60
1466	28724401	60
1467	28724988	60
1468	28727003	60
1469	28729956	60
1470	28730054	60
1471	28732105	60
1472	28733371	60
1473	28736725	60
1474	28737243	60
1475	28740215	60
1476	28744013	60
1477	28744290	60
1478	28758517	60
1479	28759055	60
1480	28759230	60
1481	28770406	60
1482	28771915	60
1483	28776911	60
1484	28778369	60
1485	28778812	60
1486	28779478	60
1487	28782740	60
1488	28785039	60
1489	28785211	60
1490	28786221	60
1491	28794908	60
1492	28798756	60
1493	28800133	60
1494	28800436	60
1495	28800709	60
1496	28803496	60
1497	28809010	60
1498	28812266	60
1499	28813659	60
1500	28814746	43
1501	28819906	60
1502	28821268	60
1503	28823911	60
1504	28826604	60
1505	28827761	60
1506	28828039	60
1507	28831657	60
1508	28835782	60
1509	28836672	60
1510	28839193	60
1511	28840975	60
1512	28843784	60
1513	28848578	60
1514	28849264	60
1515	28855209	60
1516	28855316	60
1517	28855507	60
1518	28856438	60
1519	28862343	60
1520	28865673	60
1521	28868271	60
1522	28872587	60
1523	28875297	60
1524	28878591	60
1525	28885460	60
1526	28886728	60
1527	28891227	60
1528	28895142	60
1529	28895488	60
1530	28895945	60
1531	28898207	60
1532	28900095	60
1533	28901935	60
1534	28902524	60
1535	28902567	60
1536	28911212	60
1537	28912322	60
1538	28912564	60
1539	28915238	60
1540	28915318	60
1541	28918260	60
1542	28924545	60
1543	28928355	60
1544	28929433	60
1545	28935260	60
1546	28935951	60
1547	28938067	60
1548	28939104	60
1549	28940651	37
1550	28943239	60
1551	28943338	21
1552	28952626	60
1553	28955287	60
1554	28958151	60
1555	28959268	60
1556	28959406	60
1557	28960954	60
1558	28961763	60
1559	28963375	60
1560	28965790	60
1561	28967166	60
1562	28968638	60
1563	28971542	60
1564	28971729	60
1565	28973536	60
1566	28976022	60
1567	28977499	60
1568	28977860	60
1569	28977935	60
1570	28978523	60
1571	28979201	60
1572	28979769	60
1573	28983254	60
1574	28985416	60
1575	28985478	31
1576	28986162	60
1577	28988209	60
1578	28988254	60
1579	28988948	60
1580	28993735	60
1581	28994407	60
1582	29017821	60
1583	29021486	60
1584	29021554	60
1585	29021580	60
1586	29023197	60
1587	29023699	60
1588	29024829	60
1589	29028897	60
1590	29028926	60
1591	29030654	60
1592	29031354	60
1593	29034310	60
1594	29036798	60
1595	29038499	60
1596	29039346	60
1597	29046519	60
1598	29046958	60
1599	29048135	60
1600	29053960	60
1601	29054814	60
1602	29054983	60
1603	29056948	60
1604	29057890	60
1605	29059333	60
1606	29059408	60
1607	29061202	60
1608	29062072	60
1609	29062476	60
1610	29066472	60
1611	29066723	60
1612	29067603	60
1613	29069382	60
1614	29071392	60
1615	29076500	60
1616	29076601	60
1617	29076887	60
1618	29079624	49
1619	29079805	60
1620	29079929	60
1621	29080786	60
1622	29080949	60
1623	29081502	60
1624	29081691	60
1625	29083106	60
1626	29083543	60
1627	29085060	60
1628	29086061	60
1629	29086231	60
1630	29086492	22
1631	29091926	60
1632	29093709	60
1633	29095529	60
1634	29096073	60
1635	29097961	60
1636	29097975	60
1637	29102127	60
1638	29104439	60
1639	29106599	60
1640	29106630	60
1641	29106912	60
1642	29107486	60
1643	29107611	60
1644	29107778	60
1645	29108303	60
1646	29109185	60
1647	29111419	60
1648	29112332	60
1649	29118074	60
1650	29118643	60
1651	29119542	60
1652	29121898	60
1653	29126216	60
1654	29126261	60
1655	29127529	60
1656	29129612	60
1657	29131400	60
1658	29136200	60
1659	29136203	60
1660	29140466	60
1661	29141201	60
1662	29141761	60
1663	29141988	60
1664	29142073	60
1665	29145127	60
1666	29148269	60
1667	29149047	60
1668	29149270	60
1669	29150411	60
1670	29150438	60
1671	29152420	60
1672	29154279	60
1673	29156628	60
1674	29159046	60
1675	29159053	60
1676	29159057	60
1677	29159245	60
1678	29159452	60
1679	29160039	60
1680	29164540	60
1681	29165075	60
1682	29165708	60
1683	29167880	60
1684	29170885	60
1685	29174401	60
1686	29175513	60
1687	29177251	60
1688	29177720	60
1689	29178456	60
1690	29178880	60
1691	29179769	60
1692	29180744	60
1693	29181744	60
1694	29181870	60
1695	29182268	60
1696	29183957	60
1697	29186007	60
1698	29186423	60
1699	29186524	60
1700	29187571	60
1701	29188226	60
1702	29190363	60
1703	29191694	60
1704	29192060	60
1705	29193104	60
1706	29193554	60
1707	29193730	60
1708	29194888	60
1709	29196497	60
1710	29201640	60
1711	29202323	60
1712	29202476	60
1713	29204342	60
1714	29204468	60
1715	29205876	60
1716	29206143	60
1717	29208641	60
1718	29209926	60
1719	29210198	60
1720	29212307	60
1721	29212799	60
1722	29212849	60
1723	29213124	60
1724	29215093	60
1725	29215160	60
1726	29215596	60
1727	29215805	60
1728	29215871	60
1729	29218876	60
1730	29219237	60
1731	29220485	60
1732	29220501	60
1733	29221804	60
1734	29225095	60
1735	29228203	60
1736	29228337	60
1737	29229323	60
1738	29230856	60
1739	29232197	60
1740	29232631	60
1741	29234122	60
1742	29234598	60
1743	29234606	60
1744	29234695	60
1745	29234965	60
1746	29235694	60
1747	29236172	60
1748	29237070	60
1749	29237729	60
1750	29237819	60
1751	29239315	60
1752	29242381	60
1753	29246478	60
1754	29247170	60
1755	29247643	60
1756	29249920	60
1757	29250913	60
1758	29252166	60
1759	29253074	60
1760	29253216	60
1761	29255034	60
1762	29255049	60
1763	29255780	60
1764	29256016	60
1765	29256562	60
1766	29256865	60
1767	29257351	60
1768	29257771	60
1769	29259999	60
1770	29260286	60
1771	29263331	60
1772	29264111	60
1773	29264379	60
1774	29264408	60
1775	29264603	60
1776	29264625	60
1777	29267850	33
1778	29268521	60
1779	29270181	60
1780	29272451	60
1781	29273003	60
1782	29273968	60
1783	29276304	60
1784	29276674	60
1785	29276746	60
1786	29280348	60
1787	29284071	60
1788	29288748	60
1789	29290589	60
1790	29290706	60
1791	29291352	60
1792	29291709	60
1793	29291729	60
1794	29291740	60
1795	29291746	60
1796	29291752	60
1797	29291850	60
1798	29292367	60
1799	29293394	60
1800	29293544	60
1801	29293560	60
1802	29293625	60
1803	29293674	60
1804	29293870	60
1805	29294013	60
1806	29294085	60
1807	29296069	60
1808	29296632	60
1809	29298677	60
1810	29298786	60
1811	29300353	60
1812	29300729	60
1813	29300933	60
1814	29301247	60
1815	29301302	60
1816	29301342	60
1817	29302269	60
1818	29302643	60
1819	29302810	60
1820	29303563	60
1821	29303911	60
1822	29303981	60
1823	29303992	60
1824	29304007	60
1825	29304028	60
1826	29304848	60
1827	29305341	60
1828	29305604	60
1829	29307830	36
1830	29308986	60
1831	29309690	60
1832	29310604	60
1833	29310676	60
1834	29310748	60
1835	29311293	60
1836	29311555	60
1837	29311760	60
1838	29312657	60
1839	29312997	60
1840	29313474	60
1841	29313491	60
1842	29314480	60
1843	29314548	60
1844	29314837	60
1845	29316607	60
1846	29316612	60
1847	29316705	60
1848	29316722	60
1849	29316979	60
1850	29317657	60
1851	29317728	60
1852	29317960	60
1853	29319501	60
1854	29319503	60
1855	29320529	60
1856	29320547	60
1857	29320568	60
1858	29320760	60
1859	29321370	60
1860	29321505	60
1861	29321615	60
1862	29321885	60
1863	29322078	60
1864	29322470	60
1865	29323137	60
1866	29323261	60
1867	29323499	60
1868	29324039	60
1869	29324679	60
1870	29324707	42
1871	29324722	60
1872	29324884	60
1873	29325141	60
1874	29326159	60
1875	29326210	60
1876	29326534	60
1877	29326686	60
1878	29327286	60
1879	29329231	60
1880	29329238	60
1881	29330007	60
1882	29330481	60
1883	29330526	60
1884	29330918	60
1885	29331866	60
1886	29333233	60
1887	29333343	60
1888	29334238	60
1889	29334890	60
1890	29334926	60
1891	29334985	23
1892	29335232	60
1893	29335338	60
1894	29335486	37
1895	29335618	60
1896	29335626	60
1897	29337142	60
1898	29337984	60
1899	29337987	58
1900	29338704	60
1901	29338736	60
1902	29339405	60
1903	29339517	60
1904	29339561	60
1905	29339786	60
1906	29340148	60
1907	29341367	60
1908	29342930	60
1909	29342945	60
1910	29342956	60
1911	29343235	60
1912	29343288	60
1913	29343725	60
1914	29343732	53
1915	29344313	60
1916	29344947	60
1917	29346272	60
1918	29346586	60
1919	29348350	60
1920	29348571	60
1921	29349101	60
1922	29349294	60
1923	29351199	36
1924	29351317	60
1925	29351350	60
1926	29351395	60
1927	29351755	60
1928	29351765	60
1929	29353876	60
1930	29353941	60
1931	29353963	60
1932	29354277	60
1933	29355844	60
1934	29357359	60
1935	29357929	60
1936	29357930	60
1937	29358231	60
1938	29358423	60
1939	29358663	60
1940	29358876	60
1941	29360039	60
1942	29360759	60
1943	29361123	60
1944	29361371	60
1945	29361565	60
1946	29361592	60
1947	29361701	60
1948	29361725	60
1949	29361772	60
1950	29361778	60
1951	29362237	60
1952	29362502	60
1953	29363090	60
1954	29363767	60
1955	29364153	60
1956	29364162	60
1957	29364242	60
1958	29367388	60
1959	29367673	60
1960	29367679	60
1961	29367945	60
1962	29368022	60
1963	29368221	60
1964	29368597	60
1965	29368617	60
1966	29368630	60
1967	29369447	60
1968	29370084	60
1969	29370214	60
1970	29370251	60
1971	29370760	60
1972	29370799	60
1973	29370808	60
1974	29370821	60
1975	29370823	60
1976	29370839	60
1977	29370846	60
1978	29371175	60
1979	29371873	60
1980	29371880	60
1981	29372014	60
1982	29372056	60
1983	29372122	60
1984	29372176	60
1985	29372528	60
1986	29373515	60
1987	29373554	60
1988	29373899	60
1989	29373993	60
1990	29374411	60
1991	29374474	60
1992	29375792	60
1993	29375975	60
1994	29377288	60
1995	29378407	60
1996	29378559	60
1997	29378619	60
1998	29378648	60
1999	29379061	60
2000	29379077	60
2001	29379341	60
2002	29379368	60
2003	29379485	60
2004	29379833	60
2005	29380287	60
2006	29381146	60
2007	29381252	60
2008	29381759	60
2009	29382062	60
2010	29382098	60
2011	29382345	60
2012	29382711	60
2013	29382880	60
2014	29382885	60
2015	29383021	60
2016	29383036	60
2017	29383869	60
2018	29384473	60
2019	29385081	60
2020	29385178	60
2021	29385743	60
2022	29385780	60
2023	29386514	60
2024	29386989	60
2025	29387264	60
2026	29387338	60
2027	29387345	60
2028	29387528	60
2029	29387688	60
2030	29389905	60
2031	29389908	60
2032	29389950	60
2033	29389983	60
2034	29390075	60
2035	29390076	60
2036	29391402	60
2037	29391403	60
2038	29391407	60
2039	29391597	60
2040	29393511	60
2041	29393863	60
2042	29393885	47
2043	29393910	60
2044	29394067	60
2045	29394256	60
2046	29394407	60
2047	29394962	60
2048	29395788	60
2049	29396327	60
2050	29396388	51
2051	29396453	60
2052	29397280	60
2053	29398391	60
2054	29398647	60
2055	29398709	60
2056	29400944	60
2057	29401217	34
2058	29401494	60
2059	29401612	60
2060	29402293	60
2061	29402303	60
2062	29402316	60
2063	29402700	13
2064	29402785	60
2065	29402951	60
2066	29403018	60
2067	29403314	60
2068	29403368	60
2069	29404626	60
2070	29405116	60
2071	29405119	60
2072	29405507	60
2073	29407526	60
2074	29408385	60
2075	29408882	60
2076	29409062	60
2077	29409496	60
2078	29409497	60
2079	29409529	28
2080	29410428	60
2081	29410445	60
2082	29410601	60
2083	29410612	60
2084	29410618	60
2085	29410814	60
2086	29411163	60
2087	29411878	60
2088	29413083	60
2089	29414301	60
2090	29414764	60
2091	29414865	60
2092	29415023	60
2093	29415426	60
2094	29415460	60
2095	29415511	60
2096	29415512	60
2097	29415513	60
2098	29415721	60
2099	29415748	60
2100	29415761	60
2101	29415764	60
2102	29415893	60
2103	29415909	60
2104	29415991	60
2105	29416016	29
2106	29416092	60
2107	29416397	60
2108	29416399	60
2109	29416509	60
2110	29416569	60
2111	29416583	60
2112	29417248	60
2113	29417693	60
2114	29419734	60
2115	29419759	60
2116	29420170	60
2117	29420625	60
2118	29422055	60
2119	29422063	60
2120	29422070	60
2121	29422804	60
2122	29422866	60
2123	29423023	60
2124	29423094	60
2125	29423097	60
2126	29423135	60
2127	29423194	34
2128	29423234	60
2129	29423367	60
2130	29423661	60
2131	29424774	60
2132	29425143	60
2133	29425210	60
2134	29425582	60
2135	29426326	60
2136	29426358	60
2137	29426360	60
2138	29426478	60
2139	29426890	60
2140	29430196	60
2141	29430519	60
2142	29432422	60
2143	29432458	60
2144	29432517	60
2145	29433421	60
2146	29433460	60
2147	29434266	60
2148	29434524	60
2149	29434540	60
2150	29434545	60
2151	29434594	60
2152	29434602	60
2153	29434680	60
2154	29435121	60
2155	29435331	60
2156	29435491	60
2157	29437086	60
2158	29437099	60
2159	29438349	60
2160	29439003	60
2161	29439064	60
2162	29439397	60
2163	29439415	60
2164	29439493	60
2165	29439539	60
2166	29439589	60
2167	29439688	50
2168	29439692	60
2169	29439707	60
2170	29440222	60
2171	29440402	60
2172	29440642	60
2173	29440856	60
2174	29441010	60
2175	29441032	60
2176	29441195	60
2177	29441341	60
2178	29441359	60
2179	29442533	60
2180	29443892	60
2181	29443901	60
2182	29443906	60
2183	29443950	60
2184	29444107	60
2185	29444108	60
2186	29444126	60
2187	29444662	60
2188	29444696	60
2189	29444700	25
2190	29444956	60
2191	29445160	60
2192	29445161	60
2193	29445227	60
2194	29445422	60
2195	29445877	60
2196	29447214	60
2197	29447235	60
2198	29448949	60
2199	29449783	60
2200	29449877	60
2201	29449945	60
2202	29450592	60
2203	29451908	60
2204	29452276	60
2205	29452598	60
2206	29453348	60
2207	29453392	60
2208	29453405	60
2209	29453406	60
2210	29454913	60
2211	29455065	60
2212	29455307	60
2213	29455649	60
2214	29455662	60
2215	29456178	60
2216	29456498	60
2217	29456586	60
2218	29456747	60
2219	29456868	60
2220	29456891	60
2221	29456896	60
2222	29456970	60
2223	29458401	60
2224	29458404	60
2225	29458410	60
2226	29458683	60
2227	29459819	60
2228	29459866	60
2229	29460289	60
2230	29460862	60
2231	29461487	60
2232	29461500	60
2233	29462909	60
2234	29462923	60
2235	29463019	60
2236	29463044	60
2237	29463223	60
2238	29463257	60
2239	29463301	60
2240	29463761	37
2241	29463823	60
2242	29463996	60
2243	29464062	60
2244	29464158	60
2245	29466321	60
2246	29466363	60
2247	29466382	60
2248	29466387	60
2249	29466403	36
2250	29466411	60
2251	29466841	60
2252	29466945	60
2253	29466980	60
2254	29467006	60
2255	29467265	60
2256	29467335	60
2257	29467400	60
2258	29467607	60
2259	29467700	60
2260	29467781	60
2261	29467820	60
2262	29468017	60
2263	29468054	26
2264	29468085	60
2265	29468192	43
2266	29468207	60
2267	29468538	60
2268	29470419	60
2269	29470495	60
2270	29470554	60
2271	29471801	60
2272	29471865	60
2273	29472089	60
2274	29472246	60
2275	29472525	60
2276	29472627	60
2277	29472918	60
2278	29473020	60
2279	29473128	60
2280	29473882	60
2281	29474359	60
2282	29474407	60
2283	29474453	60
2284	29474575	60
2285	29475924	60
2286	29476068	60
2287	29476115	60
2288	29477300	60
2289	29478137	60
2290	29479315	60
2291	29479347	60
2292	29479352	60
2293	29479374	60
2294	29479448	60
2295	29480151	60
2296	29480217	60
2297	29480226	60
2298	29480231	60
2299	29481322	60
2300	29481401	60
2301	29482548	60
2302	29482613	60
2303	29482737	60
2304	29483077	60
2305	29483159	60
2306	29483276	60
2307	29483523	60
2308	29483539	60
2309	29483865	60
2310	29484152	60
2311	29484171	60
2312	29484176	60
2313	29484213	60
2314	29484234	60
2315	29484374	60
2316	29484571	60
2317	29485356	60
2318	29486053	60
2319	29486722	60
2320	29487335	60
2321	29487367	60
2322	29487589	60
2323	29487591	60
2324	29487741	60
2325	29489845	60
2326	29489847	60
2327	29489863	60
2328	29489869	60
2329	29489876	60
2330	29489884	60
2331	29489886	60
2332	29490630	60
2333	29490631	60
2334	29490646	60
2335	29490647	45
2336	29490651	60
2337	29490893	60
2338	29490960	60
2339	29491182	60
2340	29491361	60
2341	29491376	60
2342	29491378	60
2343	29491521	60
2344	29491871	60
2345	29491882	60
2346	29492098	60
2347	29492104	60
2348	29492181	60
2349	29492207	60
2350	29492343	60
2351	29492984	60
2352	29494487	60
2353	29494509	18
2354	29494556	60
2355	29494695	60
2356	29495270	60
2357	29495290	30
2358	29495341	60
2359	29495342	60
2360	29495356	60
2361	29495367	60
2362	29495420	60
2363	29495476	60
2364	29495486	50
2365	29495493	60
2366	29495531	60
2367	29495570	60
2368	29496669	60
2369	29496824	60
2370	29496896	60
2371	29497093	60
2372	29497101	60
2373	29497127	60
2374	29497221	60
2375	29497343	60
2376	29497459	60
2377	29498644	60
2378	29498648	60
2379	29498673	60
2380	29498681	60
2381	29498720	60
2382	29499724	60
2383	29499735	60
2384	29499756	60
2385	29500396	60
2386	29500585	60
2387	29503527	60
2388	29503819	60
2389	29503860	60
2390	29503869	60
2391	29504924	60
2392	29505576	60
2393	29506469	60
2394	29506573	60
2395	29506650	60
2396	29507292	60
2397	29507293	60
2398	29507546	60
2399	29507600	60
2400	29507607	60
2401	29507657	60
2402	29507716	60
2403	29507737	60
2404	29507820	60
2405	29507869	60
2406	29507905	60
2407	29508107	52
2408	29508223	60
2409	29509667	60
2410	29509671	60
2411	29509720	60
2412	29509791	60
2413	29510484	60
2414	29510564	60
2415	29510677	60
2416	29510865	60
2417	29510979	60
2418	29511015	60
2419	29511386	60
2420	29511733	60
2421	29512401	60
2422	29513054	60
2423	29513218	60
2424	29513219	60
2425	29513670	60
2426	29513746	60
2427	29513852	60
2428	29514100	60
2429	29514601	60
2430	29514662	60
2431	29514665	60
2432	29514710	60
2433	29515025	60
2434	29515043	60
2435	29515100	60
2436	29515371	60
2437	29515464	54
2438	29515560	60
2439	29515569	60
2440	29515774	60
2441	29515828	60
2442	29515867	60
2443	29515875	60
2444	29515993	60
2445	29515994	60
2446	29516311	60
2447	29518006	60
2448	29518013	60
2449	29518017	60
2450	29518073	60
2451	29518238	60
2452	29518469	60
2453	29518903	60
2454	29518987	60
2455	29518988	60
2456	29519265	60
2457	29520266	60
2458	29522453	60
2459	29522469	60
2460	29522477	60
2461	29523083	60
2462	29523126	60
2463	29523565	60
2464	29523842	60
2465	29526537	60
2466	29527090	60
2467	29527192	60
2468	29527201	60
2469	29527324	60
2470	29527491	60
2471	29528286	60
2472	29529019	60
2473	29529024	60
2474	29529052	60
2475	29529071	60
2476	29529243	60
2477	29529262	60
2478	29529531	60
2479	29529995	60
2480	29530076	60
2481	29530088	60
2482	29531477	60
2483	29531578	60
2484	29531816	60
2485	29531824	60
2486	29531849	60
2487	29531877	60
2488	29532184	60
2489	29533742	60
2490	29533995	60
2491	29534115	60
2492	29534165	60
2493	29534441	60
2494	29534465	60
2495	29534491	60
2496	29534687	60
2497	29534758	60
2498	29534764	60
2499	29535149	60
2500	29535314	60
2501	29535514	60
2502	29535649	60
2503	29535692	60
2504	29535708	60
2505	29535745	60
2506	29535911	60
2507	29536013	60
2508	29536822	60
2509	29536823	60
2510	29536964	29
2511	29538280	60
2512	29538344	60
2513	29538408	30
2514	29538444	60
2515	29540399	60
2516	29540691	60
2517	29541024	60
2518	29541035	60
2519	29541061	60
2520	29541160	60
2521	29541254	60
2522	29541442	60
2523	29541448	60
2524	29541509	60
2525	29541520	60
2526	29541523	60
2527	29541680	54
2528	29543587	60
2529	29543825	60
2530	29543890	60
2531	29543891	60
2532	29543899	60
2533	29543908	60
2534	29544475	60
2535	29544493	60
2536	29544495	60
2537	29544526	60
2538	29544534	60
2539	29544553	60
2540	29545681	60
2541	29545726	60
2542	29545829	60
2543	29545918	60
2544	29545979	60
2545	29546268	60
2546	29547122	60
2547	29547563	60
2548	29547580	60
2549	29547668	60
2550	29547915	60
2551	29548328	60
2552	29548804	60
2553	29549196	60
2554	29549210	60
2555	29549680	60
2556	29551069	60
2557	29551714	60
2558	29551901	60
2559	29551979	60
2560	29552420	60
2561	29552508	60
2562	29552597	60
2563	29554112	60
2564	29554129	38
2565	29554136	60
2566	29554529	60
2567	29554868	60
2568	29554922	60
2569	29554937	60
2570	29555661	60
2571	29555807	60
2572	29556013	60
2573	29556203	60
2574	29556268	60
2575	29556541	60
2576	29556797	60
2577	29558397	60
2578	29558451	60
2579	29558464	60
2580	29558505	60
2581	29558518	60
2582	29558524	60
2583	29558871	60
2584	29558884	60
2585	29558913	60
2586	29559822	60
2587	29560028	60
2588	29560073	60
2589	29560302	60
2590	29560398	60
2591	29560446	60
2592	29560457	60
2593	29560858	60
2594	29560860	60
2595	29561260	60
2596	29561894	60
2597	29562181	20
2598	29562609	60
2599	29562654	60
2600	29562695	60
2601	29562879	60
2602	29563231	60
2603	29563502	60
2604	29563513	60
2605	29563843	60
2606	29563989	60
2607	29564094	60
2608	29564163	60
2609	29564323	60
2610	29564327	60
2611	29564819	60
2612	29565976	60
2613	29566031	60
2614	29566690	60
2615	29566711	60
2616	29566740	60
2617	29566762	60
2618	29567536	60
2619	29567985	60
2620	29568038	60
2621	29568077	60
2622	29568210	60
2623	29568276	60
2624	29568339	60
2625	29568700	60
2626	29568709	60
2627	29568725	60
2628	29568778	60
2629	29570050	60
2630	29571236	60
2631	29572442	60
2632	29573073	60
2633	29573749	60
2634	29574445	43
2635	29576017	60
2636	29576637	60
2637	29576937	60
2638	29577052	60
2639	29577784	60
2640	29579037	60
2641	29580224	60
2642	29580242	60
2643	29580292	60
2644	29581422	60
2645	29581441	60
2646	29581894	60
2647	29581992	60
2648	29584770	60
2649	29584780	60
2650	29587446	60
2651	29587630	60
2652	29587677	60
2653	29587699	60
2654	29587811	60
2655	29587830	60
2656	29588051	60
2657	29588069	60
2658	29588430	60
2659	29588479	60
2660	29588620	60
2661	29588849	60
2662	29590108	60
2663	29590111	60
2664	29590124	60
2665	29590495	60
2666	29593114	60
2667	29593275	60
2668	29593351	60
2669	29593371	60
2670	29593390	60
2671	29593462	60
2672	29593465	60
2673	29593505	60
2674	29593525	60
2675	29593584	60
2676	29593608	60
2677	29593666	60
2678	29593718	60
2679	29593783	60
2680	29593832	60
2681	29593850	60
2682	29593946	60
2683	29593970	60
2684	29594014	60
2685	29594017	60
2686	29594026	60
2687	29594030	60
2688	29594045	60
2689	29595475	60
2690	29596343	60
2691	29596430	60
2692	29599720	60
2693	29599789	60
2694	29599935	60
2695	29600067	60
2696	29600272	60
2697	29601604	32
2698	29604125	60
2699	29604428	60
2700	29605728	60
2701	29606122	60
2702	29606789	60
2703	29606843	60
2704	29606906	60
2705	29606908	60
2706	29607289	60
2707	29608200	60
2708	29608721	60
2709	29609496	60
2710	29609634	60
2711	29609710	60
2712	29610724	60
2713	29610737	60
2714	29614051	60
2715	29614080	60
2716	29614732	60
2717	29614960	60
2718	29615030	60
2719	29615061	60
2720	29615097	60
2721	29615459	60
2722	29615709	60
2723	29615770	60
2724	29615852	60
2725	29615857	60
2726	29615987	60
2727	29616004	60
2728	29616108	60
2729	29616206	60
2730	29616370	60
2731	29617405	60
2732	29617415	60
2733	29617445	60
2734	29617506	60
2735	29617508	60
2736	29617810	60
2737	29618048	60
2738	29618666	60
2739	29619113	60
2740	29619231	60
2741	29619260	60
2742	29619388	60
2743	29620527	32
2744	29621165	60
2745	29621199	60
2746	29621736	60
2747	29622005	60
2748	29622842	60
2749	29623248	60
2750	29623266	60
2751	29623350	60
2752	29623956	60
2753	29624815	60
2754	29625951	60
2755	29627152	60
2756	29627940	60
2757	29628907	60
2758	29628922	60
2759	29629088	60
2760	29629146	60
2761	29629151	60
2762	29629190	60
2763	29629363	36
2764	29629374	60
2765	29629540	60
2766	29630684	60
2767	29631585	60
2768	29631612	60
2769	29631634	60
2770	29632102	60
2771	29632193	60
2772	29632393	60
2773	29632482	60
2774	29632620	27
2775	29632744	60
2776	29632803	60
2777	29632866	60
2778	29633715	60
2779	29634733	60
2780	29636065	60
2781	29636067	60
2782	29636449	60
2783	29636451	60
2784	29636617	60
2785	29636636	60
2786	29636658	60
2787	29636720	60
2788	29636772	60
2789	29636894	60
2790	29636901	60
2791	29636950	60
2792	29637031	60
2793	29637343	60
2794	29641317	60
2795	29641532	60
2796	29641540	60
2797	29641560	60
2798	29642843	60
2799	29642948	60
2800	29643055	60
2801	29643350	60
2802	29643361	60
2803	29643395	60
2804	29643830	60
2805	29643854	60
2806	29643931	60
2807	29643937	60
2808	29644006	60
2809	29644038	60
2810	29644053	60
2811	29644073	60
2812	29644090	60
2813	29644247	60
2814	29644327	60
2815	29648535	60
2816	29649271	60
2817	29649314	60
2818	29649981	60
2819	29650052	60
2820	29650251	60
2821	29651047	60
2822	29651056	60
2823	29651193	60
2824	29651461	60
2825	29652824	60
2826	29652882	60
2827	29652885	60
2828	29652934	60
2829	29653533	60
2830	29653542	60
2831	29653627	60
2832	29653745	60
2833	29653860	60
2834	29654025	60
2835	29654306	60
2836	29655185	60
2837	29657425	60
2838	29657658	60
2839	29657771	60
2840	29657849	60
2841	29658967	60
2842	29659513	60
2843	29659541	38
2844	29659583	60
2845	29661148	60
2846	29662016	47
2847	29662022	60
2848	29662161	60
2849	29662297	60
2850	29662315	60
2851	29662957	60
2852	29664633	60
2853	29664904	60
2854	29665286	60
2855	29665774	60
2856	29665821	60
2857	29665826	60
2858	29665830	60
2859	29665836	60
2860	29666044	60
2861	29666136	60
2862	29666370	60
2863	29666385	60
2864	29666603	60
2865	29666675	60
2866	29667166	60
2867	29667923	60
2868	29668375	60
2869	29668628	60
2870	29668677	60
2871	29668681	60
2872	29668723	60
2873	29668746	60
2874	29669529	60
2875	29669589	60
2876	29670091	60
2877	29670136	60
2878	29670174	60
2879	29670202	60
2880	29670409	60
2881	29670472	60
2882	29670548	60
2883	29670873	60
2884	29671149	60
2885	29671397	60
2886	29671684	60
2887	29671800	60
2888	29671814	60
2889	29671831	60
2890	29672525	60
2891	29672543	60
2892	29673146	24
2893	29673149	60
2894	29673168	60
2895	29673180	42
2896	29673311	24
2897	29673337	60
2898	29673341	60
2899	29673380	60
2900	29674561	60
2901	29674632	60
2902	29674633	60
2903	29674657	60
2904	29674741	60
2905	29674743	60
2906	29674755	60
2907	29674944	60
2908	29674966	60
2909	29675008	60
2910	29675010	60
2911	29675022	60
2912	29675144	60
2913	29677015	60
2914	29677197	60
2915	29677202	60
2916	29677986	60
2917	29678147	60
2918	29678155	60
2919	29678163	60
2920	29678168	60
2921	29678803	60
2922	29679458	60
2923	29680425	60
2924	29680511	60
2925	29680810	60
2926	29681684	60
2927	29681753	60
2928	29681764	60
2929	29681874	60
2930	29681945	60
2931	29682162	60
2932	29682289	60
2933	29682404	60
2934	29682420	60
2935	29682464	60
2936	29684083	60
2937	29684152	60
2938	29685111	60
2939	29685128	60
2940	29685153	60
2941	29685517	60
2942	29686383	60
2943	29686577	60
2944	29686588	60
2945	29686602	60
2946	29686651	60
2947	29686734	60
2948	29686850	60
2949	29686898	60
2950	29686976	60
2951	29687007	60
2952	29688385	60
2953	29690508	60
2954	29690519	60
2955	29690909	44
2956	29691335	60
2957	29691339	60
2958	29691445	60
2959	29692745	60
2960	29692867	60
2961	29692885	60
2962	29692991	60
2963	29693024	60
2964	29694271	60
2965	29695238	60
2966	29695266	60
2967	29695293	60
2968	29695308	60
2969	29695781	60
2970	29695831	60
2971	29695898	60
2972	29695944	60
2973	29696019	60
2974	29696077	60
2975	29696142	60
2976	29696221	60
2977	29697364	60
2978	29698522	60
2979	29699509	60
2980	29699538	60
2981	29699560	60
2982	29699576	60
2983	29699577	60
2984	29699578	60
2985	29700149	60
2986	29700334	60
2987	29700342	60
2988	29703142	32
2989	29703154	60
2990	29703176	60
2991	29703180	52
2992	29703244	60
2993	29703916	60
2994	29704003	60
2995	29704067	60
2996	29705758	60
2997	29706517	60
2998	29706597	60
2999	29706789	60
3000	29706938	60
3001	29706981	60
3002	29707050	60
3003	29707066	60
3004	29707203	60
3005	29707216	60
3006	29707436	60
3007	29707450	60
3008	29707452	60
3009	29707521	60
3010	29707602	60
3011	29707620	60
3012	29707635	60
3013	29707655	60
3014	29708884	60
3015	29708992	60
3016	29709286	60
3017	29713209	60
3018	29713320	60
3019	29713376	60
3020	29713389	60
3021	29713453	60
3022	29713456	60
3023	29713497	60
3024	29713586	60
3025	29715126	60
3026	29715148	60
3027	29715316	60
3028	29716593	33
3029	29716629	60
3030	29716641	60
3031	29717369	60
3032	29718482	60
3033	29718923	60
3034	29718938	60
3035	29718941	60
3036	29718958	60
3037	29718989	60
3038	29719425	60
3039	29719633	60
3040	29720090	60
3041	29720123	60
3042	29720194	60
3043	29720209	60
3044	29720233	60
3045	29720279	60
3046	29720588	60
3047	29720775	60
3048	29720820	60
3049	29720831	60
3050	29720895	60
3051	29720927	60
3052	29720955	60
3053	29720977	60
3054	29720995	60
3055	29721091	60
3056	29721202	60
3057	29721224	60
3058	29721279	60
3059	29721339	60
3060	29721505	60
3061	29722788	60
3062	29722865	60
3063	29723187	60
3064	29723268	53
3065	29723388	60
3066	29724178	60
3067	29724205	60
3068	29724830	60
3069	29725036	60
3070	29725089	60
3071	29725116	60
3072	29725239	60
3073	29725333	60
3074	29725440	60
3075	29725863	60
3076	29726964	60
3077	29728057	60
3078	29728059	60
3079	29728102	60
3080	29728137	60
3081	29728150	60
3082	29728658	60
3083	29731704	60
3084	29731987	60
3085	29732137	60
3086	29732161	60
3087	29732207	60
3088	29732237	60
3089	29732285	60
3090	29732317	60
3091	29732339	60
3092	29732373	60
3093	29732611	60
3094	29734043	60
3095	29734941	60
3096	29736271	60
3097	29736335	60
3098	29737317	60
3099	29737322	60
3100	29738461	60
3101	29739964	60
3102	29740036	60
3103	29740320	60
3104	29740474	38
3105	29740477	60
3106	29740516	60
3107	29740519	60
3108	29740555	60
3109	29740598	60
3110	29740599	60
3111	29741710	60
3112	29741956	60
3113	29742233	60
3114	29743201	60
3115	29743780	60
3116	29743922	60
3117	29743923	60
3118	29743939	60
3119	29743964	60
3120	29744041	60
3121	29744042	60
3122	29744111	60
3123	29744313	60
3124	29744455	60
3125	29747082	60
3126	29748347	60
3127	29748604	60
3128	29748606	60
3129	29750012	60
3130	29750013	60
3131	29750052	60
3132	29750146	60
3133	29750193	41
3134	29751006	60
3135	29751251	60
3136	29752528	60
3137	29756036	60
3138	29757226	60
3139	29757235	60
3140	29758769	60
3141	29762066	60
3142	29764427	60
3143	29766399	60
3144	29768297	60
3145	29771283	60
3146	29774740	60
3147	29774971	60
3148	29775763	60
3149	29778192	60
3150	29778199	60
3151	29782873	60
3152	29788935	60
3153	29789544	60
3154	29790511	60
3155	29790638	60
3156	29790918	60
3157	29795719	60
3158	29799671	60
3159	29799677	60
3160	29799806	60
3161	29802435	60
3162	29802856	60
3163	29803380	60
3164	29843425	60
3165	29844394	60
3166	29844489	60
3167	29845898	60
3168	29847813	60
3169	29850150	60
3170	29850267	60
3171	29850798	60
3172	29850911	60
3173	29852217	60
3174	29856133	60
3175	29864723	60
3176	29867044	60
3177	29868486	60
3178	29874299	60
3179	29874812	60
3180	29875707	60
3181	29875735	60
3182	29877056	60
3183	29884995	60
3184	29885764	60
3185	29902117	60
3186	29910040	60
3187	29925657	60
3188	29931279	60
3189	29955582	60
3190	29955818	60
3191	29968278	60
3192	29988960	60
3193	29990624	60
